,Unnamed: 0,IATA Code,AccentCity,Region,Population,Latitude,Longitude,ATL,LAX,ORD,MDW,DFW,JFK,LGA,DEN,SFO,CLT,LAS,PHX,IAH,MIA,SEA,EWR,MCO,MSP,DTW,BOS,PHL,FLL,BWI,SLC,HNL,SAN,TPA,PDX,2013,2011
0,0,ATL,Atlanta,GA,422908.0,33.7488889,-84.3880556,0.0,3116.97426351,943.737038448,943.737038448,1160.67840832,1201.0860204,1201.0860204,1950.3822666,3444.32401696,364.513700398,2809.3884961,2562.10135321,1129.00653554,972.368256582,3511.87728231,1191.29824912,644.957390703,1460.72369154,959.858634518,1507.27825485,1071.60836277,939.269234209,928.385258409,2548.64019275,7241.96348015,3043.54892131,669.124565233,3496.86380996,"45,308,407","44,414,121"
1,1,LAX,Los Angeles,CA,3877129.0,34.0522222,-118.2427778,3116.97426351,0.0,2807.37519024,2807.37519024,1995.70989197,3944.30080075,3944.30080075,1337.74731197,559.039734935,3411.1555272,368.276128984,575.445417916,2210.74656529,3764.1639804,1543.61234544,3930.1204767,3543.15256771,2452.25837699,3191.83191826,4178.58539295,3851.9545024,3753.69852091,3733.35522486,932.507469627,4125.06397541,179.456397534,3465.7327279,1328.49002042,"32,425,892","30,528,737"
2,2,ORD,Chicago,IL,2841952.0,41.85,-87.65,943.737038448,2807.37519024,0.0,0.0,1290.77185282,1148.70602547,1148.70602547,1478.96464996,2990.47543749,944.143038488,2450.91289717,2337.79852723,1509.8785656,1910.17492501,2795.83105255,1134.45240019,1582.27481573,572.156148677,384.601703548,1371.21077781,1071.93701123,1875.47728523,976.091431861,2026.87073097,6846.81708342,2789.00135857,1612.8586746,2830.37498647,"32,317,835","31,892,301"
3,3,MDW,Chicago,IL,2841952.0,41.85,-87.65,943.737038448,2807.37519024,0.0,0.0,1290.77185282,1148.70602547,1148.70602547,1478.96464996,2990.47543749,944.143038488,2450.91289717,2337.79852723,1509.8785656,1910.17492501,2795.83105255,1134.45240019,1582.27481573,572.156148677,384.601703548,1371.21077781,1071.93701123,1875.47728523,976.091431861,2026.87073097,6846.81708342,2789.00135857,1612.8586746,2830.37498647,"9,915,646","9,134,576"
4,4,DFW,Dallas,TX,1211704.0,32.7833333,-96.8,1160.67840832,1995.70989197,1290.77185282,1290.77185282,0.0,2209.20995088,2209.20995088,1065.18036558,2387.3875391,1497.04437764,1723.09565753,1426.09846224,361.738700227,1788.02149871,2705.38553981,2196.38735775,1549.27356465,1387.95437369,1608.66152129,2496.75302344,2091.42842764,1773.68543071,1951.95026404,1608.43997828,6108.17436557,1904.78495785,1477.5896375,2628.09095557,"29,038,128","27,518,358"
5,5,JFK,New York,NY,8107916.0,40.7141667,-74.0063889,1201.0860204,3944.30080075,1148.70602547,1148.70602547,2209.20995088,0.0,0.0,2625.07286345,4138.99046958,854.930679387,3592.69754216,3450.85653593,2282.87864477,1753.2522964,3875.41578218,14.2564644062,1509.06956647,1639.37558015,775.162681042,306.217338268,129.758861965,1714.98217825,272.961403663,3174.58297924,7994.69785411,3914.9273974,1613.80093021,3935.41000117,"25,036,358","23,664,830"
6,6,LGA,New York,NY,8107916.0,40.7141667,-74.0063889,1201.0860204,3944.30080075,1148.70602547,1148.70602547,2209.20995088,0.0,0.0,2625.07286345,4138.99046958,854.930679387,3592.69754216,3450.85653593,2282.87864477,1753.2522964,3875.41578218,14.2564644062,1509.06956647,1639.37558015,775.162681042,306.217338268,129.758861965,1714.98217825,272.961403663,3174.58297924,7994.69785411,3914.9273974,1613.80093021,3935.41000117,"13,372,269","11,989,227"
7,7,DEN,Denver,CO,555981.0,39.7391667,-104.9841667,1950.3822666,1337.74731197,1478.96464996,1478.96464996,1065.18036558,2625.07286345,2625.07286345,0.0,1528.5200253,2185.84448739,975.210481241,942.599097049,1412.61980324,2776.72478619,1643.89696835,2610.82340007,2495.28518874,1125.822125,1861.78097357,2847.86681221,2540.27293192,2755.94813609,2430.09289107,598.264415463,5382.08857953,1341.4649754,2450.22448745,1582.59150237,"25,496,885","25,667,499"
8,8,SFO,San Francisco,CA,732072.0,37.775,-122.4183333,3444.32401696,559.039734935,2990.47543749,2990.47543749,2387.3875391,4138.99046958,4138.99046958,1528.5200253,0.0,3704.83116398,672.056453933,1052.18790436,2647.71186633,4175.3025201,1092.16240034,4124.74308841,3929.37491482,2550.62035428,3366.91711817,4344.13212589,4060.21487759,4161.05145225,3954.39365313,966.368876525,3857.09344417,737.598052035,3863.57054158,860.876792535,"21,704,626","20,038,679"
9,9,CLT,Charlotte,NC,598351.0,35.2269444,-80.8433333,364.513700398,3411.1555272,944.143038488,944.143038488,1497.04437764,854.930679387,854.930679387,2185.84448739,3704.83116398,0.0,3089.18726076,2868.68626201,1491.05046577,1049.83042369,3678.18330435,846.404301959,743.427752718,1511.27989602,811.479001146,1160.04266369,725.370696845,1011.64099,586.549219752,2779.97834754,7532.36615458,3348.87030026,821.567239748,3684.95971267,"21,346,601","19,022,535"
10,10,LAS,Las Vegas,NV,540111.0,36.175,-115.1363889,2809.3884961,368.276128984,2450.91289717,2450.91289717,1723.09565753,3592.69754216,3592.69754216,975.210481241,672.056453933,3089.18726076,0.0,412.31374052,1975.98755022,3509.19974335,1401.56768927,3578.47852487,3270.23380415,2084.80450249,2834.79736782,3821.49144145,3503.3640101,3495.88538284,3387.80545982,582.457676005,4443.89017497,426.296970746,3200.67997725,1216.04441496,"19,946,179","19,854,759"
11,11,PHX,Phoenix,AZ,1428509.0,33.4483333,-112.0733333,2562.10135321,575.445417916,2337.79852723,2337.79852723,1426.09846224,3450.85653593,3450.85653593,942.599097049,1052.18790436,2868.68626201,412.31374052,0.0,1635.45884623,3188.87353302,1792.76909305,3436.85264199,2970.54555025,2059.53615115,2720.59015911,3701.23395967,3351.17815364,3178.59741359,3226.16319833,811.703958774,4684.08138996,481.449318416,2891.60968534,1618.30219202,"19,525,109","19,750,306"
12,12,IAH,Houston,TX,2027712.0,29.7630556,-95.3630556,1129.00653554,2210.74656529,1509.8785656,1509.8785656,361.738700227,2282.87864477,2282.87864477,1412.61980324,2647.71186633,1491.05046577,1975.98755022,1635.45884623,0.0,1557.77762928,3042.73160805,2271.22518028,1366.47606276,1698.91522309,1778.28612964,2583.01208991,2157.72282647,1549.81793952,2013.81187055,1930.77475551,6277.80984756,2097.9496249,1274.41255338,2953.98434908,"18,952,840","19,306,660"
13,13,MIA,Miami,FL,382894.0,25.7738889,-80.1938889,972.368256582,3764.1639804,1910.17492501,1910.17492501,1788.02149871,1753.2522964,1753.2522964,2776.72478619,4175.3025201,1049.83042369,3509.19974335,3188.87353302,1557.77762928,0.0,4399.29416742,1750.50799466,328.047277318,2432.24608266,1855.12975679,2020.62473588,1640.60664151,38.8875444893,1535.85624647,3361.7174679,7828.7335136,3655.30759876,329.589454554,4357.52592363,"19,420,089","18,342,158"
14,14,SEA,Seattle,WA,569369.0,47.6063889,-122.3308333,3511.87728231,1543.61234544,2795.83105255,2795.83105255,2705.38553981,3875.41578218,3875.41578218,1643.89696835,1092.16240034,3678.18330435,1401.56768927,1792.76909305,3042.73160805,4399.29416742,0.0,3861.88145076,4103.13269203,2245.25219727,3119.38973147,4010.84741159,3828.98746184,4375.8926073,3756.11103118,1127.55184538,4312.64704257,1710.22161147,4070.13880207,233.024628804,"16,690,295","15,971,676"
15,15,EWR,Newark,NJ,280123.0,40.7355556,-74.1727778,1191.29824912,3930.1204767,1134.45240019,1134.45240019,2196.38735775,14.2564644062,14.2564644062,2610.82340007,4124.74308841,846.404301959,3578.47852487,3436.85264199,2271.22518028,1750.50799466,3861.88145076,0.0,1504.45718157,1625.51882903,761.005937257,316.073552588,121.080889001,1712.18275329,262.927394099,3160.34705439,7980.46407044,3900.8342643,1608.60026141,3921.62580246,"17,546,506","16,814,092"
16,16,MCO,Orlando,FL,207970.0,28.5380556,-81.3794444,644.957390703,3543.15256771,1582.27481573,1582.27481573,1549.27356465,1509.06956647,1509.06956647,2495.28518874,3929.37491482,743.427752718,3270.23380415,2970.54555025,1366.47606276,328.047277318,4103.13269203,1504.45718157,0.0,2105.50858538,1537.74632756,1793.69356521,1388.61331883,294.331823308,1270.97963415,3086.90513587,7639.9849799,3444.90943127,124.515403857,4070.1332704,"16,884,524","17,250,415"
17,17,MSP,Minneapolis,MN,367773.0,44.98,-93.2636111,1460.72369154,2452.25837699,572.156148677,572.156148677,1387.95437369,1639.37558015,1639.37558015,1125.822125,2550.62035428,1511.27989602,2084.80450249,2059.53615115,1698.91522309,2432.24608266,2245.25219727,1625.51882903,2105.50858538,0.0,874.460109107,1808.35846138,1585.65231267,2399.69544521,1510.99979294,1588.39685562,6384.90637245,2466.30731629,2119.25066385,2296.64151086,"16,280,835","15,895,653"
18,18,DTW,Detroit,MI,884941.0,42.3313889,-83.0458333,959.858634518,3191.83191826,384.601703548,384.601703548,1608.66152129,775.162681042,775.162681042,1861.78097357,3366.91711817,811.479001146,2834.79736782,2720.59015911,1778.28612964,1855.12975679,3119.38973147,761.005937257,1537.74632756,874.460109107,0.0,986.818376141,712.14945117,1817.56057902,639.017218075,2401.45660533,7221.03783504,3173.37271699,1596.73871416,3169.50069391,"15,683,523","15,716,865"
19,19,BOS,Boston,MA,571281.0,42.3583333,-71.0602778,1507.27825485,4178.58539295,1371.21077781,1371.21077781,2496.75302344,306.217338268,306.217338268,2847.86681221,4344.13212589,1160.04266369,3821.49144145,3701.23395967,2583.01208991,2020.62473588,4010.84741159,316.073552588,1793.69356521,1808.35846138,986.818376141,0.0,435.871581909,1983.0381414,578.977488797,3377.76390888,8191.05992017,4158.21908689,1902.52278161,4087.02492694,"14,810,153","14,171,476"
20,20,PHL,Philadelphia,PA,1453268.0,39.9522222,-75.1641667,1071.60836277,3851.9545024,1071.93701123,1071.93701123,2091.42842764,129.758861965,129.758861965,2540.27293192,4060.21487759,725.370696845,3503.3640101,3351.17815364,2157.72282647,1640.60664151,3828.98746184,121.080889001,1388.61331883,1585.65231267,712.14945117,435.871581909,0.0,1602.0979333,144.449820994,3098.14095489,7917.24093199,3818.27449066,1491.23501619,3881.55872382,"14,727,945","14,883,180"
21,21,FLL,Fort Lauderdale,FL,170510.0,26.1219444,-80.1436111,939.269234209,3753.69852091,1875.47728523,1875.47728523,1773.68543071,1714.98217825,1714.98217825,2755.94813609,4161.05145225,1011.64099,3495.88538284,3178.59741359,1549.81793952,38.8875444893,4375.8926073,1712.18275329,294.331823308,2399.69544521,1817.56057902,1983.0381414,1602.0979333,0.0,1497.08005852,3342.32693731,7823.75563382,3646.38390873,306.037931569,4335.92800952,"11,538,140","11,332,466"
22,22,BWI,Baltimore,MD,610892.0,39.2902778,-76.6125,928.385258409,3733.35522486,976.091431861,976.091431861,1951.95026404,272.961403663,272.961403663,2430.09289107,3954.39365313,586.549219752,3387.80545982,3226.16319833,2013.81187055,1535.85624647,3756.11103118,262.927394099,1270.97963415,1510.99979294,639.017218075,578.977488797,144.449820994,1497.08005852,0.0,2995.49532355,7811.10198432,3695.74469207,1369.26497268,3800.92308677,"11,132,731","11,067,317"
23,25,SLC,Salt Lake City,UT,178026.0,40.7608333,-111.8902778,2548.64019275,932.507469627,2026.87073097,2026.87073097,1608.43997828,3174.58297924,3174.58297924,598.264415463,966.368876525,2779.97834754,582.457676005,811.703958774,1930.77475551,3361.7174679,1127.55184538,3160.34705439,3086.90513587,1588.39685562,2401.45660533,3377.76390888,3098.14095489,3342.32693731,2995.49532355,0.0,4820.13163671,1008.64501253,3037.45265136,1023.26137444,"9,668,048","9,701,756"
24,26,HNL,Honolulu,HI,384241.0,21.3069444,-157.8583333,7241.96348015,4125.06397541,6846.81708342,6846.81708342,6108.17436557,7994.69785411,7994.69785411,5382.08857953,3857.09344417,7532.36615458,4443.89017497,4684.08138996,6277.80984756,7828.7335136,4312.64704257,7980.46407044,7639.9849799,6384.90637245,7221.03783504,8191.05992017,7917.24093199,7823.75563382,7811.10198432,4820.13163671,0.0,4203.73503447,7551.9891648,4176.93686073,"9,466,995","8,643,494"
25,27,SAN,San Diego,CA,1287050.0,32.7152778,-117.1563889,3043.54892131,179.456397534,2789.00135857,2789.00135857,1904.78495785,3914.9273974,3914.9273974,1341.4649754,737.598052035,3348.87030026,426.296970746,481.449318416,2097.9496249,3655.30759876,1710.22161147,3900.8342643,3444.90943127,2466.30731629,3173.37271699,4158.21908689,3818.27449066,3646.38390873,3695.74469207,1008.64501253,4203.73503447,0.0,3363.15731308,1498.94685903,"8,878,772","8,465,683"
26,28,TPA,Tampa,FL,324465.0,27.9472222,-82.4586111,669.124565233,3465.7327279,1612.8586746,1612.8586746,1477.5896375,1613.80093021,1613.80093021,2450.22448745,3863.57054158,821.567239748,3200.67997725,2891.60968534,1274.41255338,329.589454554,4070.13880207,1608.60026141,124.515403857,2119.25066385,1596.73871416,1902.52278161,1491.23501619,306.037931569,1369.26497268,3037.45265136,7551.9891648,3363.15731308,0.0,4029.92794573,"8,267,752","8,174,194"
27,29,PDX,Portland,OR,540513.0,45.5236111,-122.675,3496.86380996,1328.49002042,2830.37498647,2830.37498647,2628.09095557,3935.41000117,3935.41000117,1582.59150237,860.876792535,3684.95971267,1216.04441496,1618.30219202,2953.98434908,4357.52592363,233.024628804,3921.62580246,4070.1332704,2296.64151086,3169.50069391,4087.02492694,3881.55872382,4335.92800952,3800.92308677,1023.26137444,4176.93686073,1498.94685903,4029.92794573,0.0,"7,452,603","6,808,486"
